﻿{
  "use_case_name": "finance_gl_checks",
  "version": 1,
  "description": "Monthly GL reconciliation and data quality checks",
  "domain": "enercity_ag",
  "schedule": "0 0 * * *",
  "created_at": "2026-01-21T10:00:00Z",
  "updated_at": "2026-01-21T14:30:00Z",
  "created_by": "admin",
  "updated_by": "admin",
  "next_table_id": 3,
  "next_rule_id": 11,

  "tables": [
    {
      "table_id": 1,
      "table_name": "CUSTOMERS",
      "polaris_path": {
        "catalog": "enercity_catalog",
        "namespace": "enercity_ag.isu_vertrieb.sales_schema",
        "table": "CUSTOMERS"
      },

      "table_rules": [
        {
          "rule_id": 1,
          "expectation_type": "ExpectTableRowCountToBeBetween",
          "dq_dimension": "volume",
          "description": "Ensure table has reasonable row count",
          "parameters": {
            "min_value": 1000,
            "max_value": 50000,
            "severity": "critical"
          }
        }
      ],

      "column_rules": [
        {
          "columns": ["customer_id"],
          "rules": [
            {
              "rule_id": 2,
              "expectation_type": "ExpectColumnValuesToBeUnique",
              "dq_dimension": "uniqueness",
              "description": null,
              "parameters": {
                "mostly": 1.0,
                "severity": "critical"
              }
            },
            {
              "rule_id": 3,
              "expectation_type": "ExpectColumnValuesToNotBeNull",
              "dq_dimension": "completeness",
              "description": null,
              "parameters": {
                "mostly": 1.0,
                "severity": "critical"
              }
            }
          ]
        },
        {
          "columns": ["status"],
          "rules": [
            {
              "rule_id": 4,
              "expectation_type": "ExpectColumnValuesToBeInSet",
              "dq_dimension": "validity",
              "description": "Status should be one of the allowed values",
              "parameters": {
                "value_set": ["Active", "Inactive", "Pending"],
                "mostly": 0.99,
                "severity": "warning"
              }
            }
          ]
        }
      ]
    },
    {
      "table_id": 2,
      "table_name": "ORDERS",
      "polaris_path": {
        "catalog": "enercity_catalog",
        "namespace": "enercity_ag.isu_vertrieb.sales_schema",
        "table": "ORDERS"
      },

      "table_rules": [
        {
          "rule_id": 5,
          "expectation_type": "ExpectTableColumnsToMatchSet",
          "dq_dimension": "schema",
          "description": "Ensure all expected columns are present (PASS)",
          "parameters": {
            "column_set": ["order_id", "customer_id", "amount", "quantity", "order_date", "status"],
            "exact_match": false,
            "severity": "critical"
          }
        },
        {
          "rule_id": 6,
          "expectation_type": "ExpectTableColumnsToMatchOrderedList",
          "dq_dimension": "schema",
          "description": "Ensure columns are in expected order (FAIL - intentional)",
          "parameters": {
            "column_list": ["order_id", "customer_id", "amount", "quantity", "order_date", "status"],
            "severity": "warning"
          }
        }
      ],

      "column_rules": [
        {
          "columns": ["amount"],
          "rules": [
            {
              "rule_id": 7,
              "expectation_type": "ExpectColumnSumToBeBetween",
              "dq_dimension": "numeric",
              "description": "Total amount should be within expected range (PASS)",
              "parameters": {
                "min_value": 10000,
                "max_value": 1000000,
                "severity": "critical"
              }
            }
          ]
        },
        {
          "columns": ["quantity"],
          "rules": [
            {
              "rule_id": 8,
              "expectation_type": "ExpectColumnValuesToBeBetween",
              "dq_dimension": "numeric",
              "description": "Quantity should be between 1 and 100 (PASS)",
              "parameters": {
                "min_value": 1,
                "max_value": 100,
                "mostly": 1.0,
                "severity": "critical"
              }
            }
          ]
        }
      ]
    }
  ],

  "multi_source_rules": [
    {
      "rule_id": 9,
      "combination_name": "CUSTOMERS-ORDERS",
      "expectation_type": "UnexpectedRowsExpectation",
      "table_ids": [1, 2],
      "table_names": ["CUSTOMERS", "ORDERS"],
      "dq_dimension": "consistency",
      "description": "Orders must reference valid customers (FAIL - 5 orphan orders)",
      "parameters": {
        "unexpected_rows_query": "SELECT o.* FROM ORDERS o LEFT JOIN CUSTOMERS c ON o.customer_id = c.customer_id WHERE c.customer_id IS NULL",
        "severity": "critical"
      }
    }
  ],

  "actions": [
    {
      "type": "email",
      "enabled": true,
      "config": {
        "receiver_emails": ["dq-team@enercity.de"],
        "notify_on": "failure"
      }
    },
    {
      "type": "jira_ticket",
      "enabled": false,
      "config": {
        "jira_project_key": "DQ",
        "jira_issue_type": "Bug",
        "create_on": "failure"
      }
    }
  ]
}

